Student_ID,First_Name,Last_Name
77,Hassan,Ali
1027,Ahmed,Salem
44,Hassan,Ali
667,Khaled,Salem
530,Nour,Fathy
102,Ahmed,Said
909,Omar,Ibrahim
278,Omar,Said
778,Fatma,Mahmoud
454,Ahmed,Tarek
64,Nour,Said
948,Mona,Hegazy
351,Youssef,Unknown
523,Laila,Said
908,Sara,Mostafa
673,Khaled,Mostafa
399,Hassan,Hegazy
826,Nour,Ibrahim
362,Nour,Ali
794,Unknown,Tarek
934,Ahmed,Tarek
514,Laila,Mahmoud
632,Khaled,Hegazy
844,Omar,Fathy
1146,Laila,Ali
594,Omar,Hegazy
255,Laila,Hassan
82,Hassan,Hegazy
527,Youssef,Mostafa
309,Youssef,Ali
368,Khaled,Hassan
965,Unknown,Tarek
694,Hassan,Said
766,Hassan,Hegazy
1059,Khaled,Fathy
858,Mona,Tarek
680,Fatma,Fathy
1008,Fatma,Salem
813,Sara,Salem
622,Mona,Salem
618,Sara,Fathy
193,Fatma,Said
436,Ahmed,Tarek
266,Laila,Tarek
1048,Youssef,Ali
79,Ahmed,Tarek
429,Unknown,Mahmoud
440,Unknown,Tarek
304,Khaled,Ibrahim
276,Ahmed,Hassan
381,Ahmed,Tarek
576,Youssef,Unknown
52,Ahmed,Mahmoud
997,Nour,Salem
529,Nour,Tarek
989,Laila,Fathy
1196,Hassan,Tarek
353,Omar,Fathy
1125,Ahmed,Hegazy
849,Fatma,Ibrahim
24,Mona,Hassan
211,Omar,Said
382,Fatma,Fathy
984,Omar,Mostafa
651,Ahmed,Tarek
406,Youssef,Fathy
359,Mona,Mahmoud
1128,Omar,Tarek
59,Mona,Hegazy
799,Youssef,Mahmoud
199,Sara,Said
580,Ahmed,Ali
559,Hassan,Hegazy
760,Nour,Hegazy
50,Fatma,Ibrahim
175,Fatma,Ibrahim
848,Laila,Salem
378,Sara,Ibrahim
197,Khaled,Tarek
232,Ahmed,Hassan
1121,Unknown,Mostafa
412,Hassan,Mahmoud
768,Unknown,Ibrahim
623,Ahmed,Said
946,Youssef,Mostafa
241,Omar,Hegazy
865,Khaled,Hassan
550,Khaled,Said
416,Khaled,Ali
719,Khaled,Hegazy
821,Nour,Hegazy
988,Khaled,Ibrahim
1181,Youssef,Hegazy
972,Ahmed,Unknown
733,Omar,Ali
840,Fatma,Fathy
803,Mona,Salem
1075,Mona,Hassan
479,Khaled,Said
45,Nour,Unknown
980,Khaled,Ibrahim
30,Laila,Hegazy
32,Omar,Ali
738,Fatma,Ibrahim
355,Nour,Hassan
426,Nour,Said
169,Youssef,Unknown
87,Omar,Salem
295,Ahmed,Hassan
428,Khaled,Mahmoud
747,Nour,Fathy
156,Khaled,Tarek
221,Ahmed,Unknown
124,Youssef,Mahmoud
219,Sara,Hassan
439,Laila,Salem
210,Unknown,Ibrahim
234,Ahmed,Mahmoud
1051,Ahmed,Said
716,Nour,Mostafa
129,Youssef,Salem
571,Sara,Hegazy
915,Hassan,Hassan
932,Omar,Tarek
71,Fatma,Hassan
1002,Fatma,Unknown
114,Omar,Mahmoud
297,Khaled,Said
706,Sara,Mostafa
108,Fatma,Salem
1114,Hassan,Mahmoud
1000,Hassan,Mostafa
655,Ahmed,Ibrahim
1161,Hassan,Mostafa
209,Nour,Hassan
1007,Khaled,Said
1138,Unknown,Hassan
244,Fatma,Mostafa
1101,Youssef,Tarek
1118,Youssef,Hegazy
606,Hassan,Ibrahim
679,Ahmed,Hassan
425,Nour,Salem
468,Sara,Salem
507,Omar,Salem
478,Hassan,Hassan
286,Fatma,Mahmoud
55,Fatma,Mahmoud
542,Youssef,Hassan
740,Fatma,Fathy
57,Sara,Tarek
110,Omar,Hassan
672,Ahmed,Salem
629,Mona,Hegazy
299,Omar,Mahmoud
1031,Fatma,Mahmoud
962,Ahmed,Hassan
671,Omar,Said
260,Sara,Ali
597,Sara,Mahmoud
345,Ahmed,Ibrahim
755,Khaled,Hegazy
827,Sara,Ali
291,Khaled,Mahmoud
1119,Fatma,Mahmoud
1030,Omar,Ibrahim
1113,Ahmed,Salem
520,Hassan,Hegazy
789,Unknown,Hassan
742,Fatma,Fathy
875,Ahmed,Ibrahim
1080,Youssef,Mostafa
977,Laila,Salem
814,Laila,Ibrahim
171,Unknown,Tarek
287,Sara,Ali
981,Laila,Salem
584,Mona,Mostafa
1145,Omar,Salem
919,Khaled,Hassan
940,Youssef,Ibrahim
808,Hassan,Hassan
562,Mona,Fathy
1168,Fatma,Mostafa
1019,Ahmed,Mahmoud
882,Mona,Mostafa
310,Ahmed,Said
366,Ahmed,Ibrahim
614,Laila,Salem
410,Khaled,Said
11,Laila,Hegazy
615,Nour,Hegazy
1164,Omar,Hassan
889,Sara,Mahmoud
329,Ahmed,Unknown
343,Laila,Mostafa
248,Fatma,Mostafa
1090,Sara,Hassan
465,Nour,Hegazy
635,Nour,Ali
866,Mona,Hegazy
328,Fatma,Mahmoud
290,Ahmed,Hegazy
815,Mona,Hegazy
669,Nour,Mostafa
573,Laila,Ibrahim
949,Mona,Mostafa
136,Nour,Tarek
347,Omar,Hassan
1079,Ahmed,Ali
1173,Ahmed,Hassan
375,Youssef,Salem
421,Laila,Fathy
383,Unknown,Fathy
164,Laila,Mahmoud
159,Nour,Mostafa
141,Nour,Salem
585,Khaled,Mostafa
1174,Sara,Salem
1078,Youssef,Hegazy
874,Ahmed,Mostafa
1092,Mona,Mostafa
709,Sara,Hassan
307,Laila,Ali
66,Nour,Salem
891,Sara,Tarek
765,Nour,Mahmoud
553,Fatma,Said
495,Khaled,Ali
245,Mona,Said
781,Youssef,Hassan
97,Hassan,Said
185,Omar,Salem
1189,Youssef,Said
546,Sara,Hegazy
480,Hassan,Hassan
395,Nour,Tarek
222,Hassan,Hegazy
431,Laila,Salem
33,Khaled,Salem
157,Unknown,Salem
377,Laila,Ibrahim
621,Laila,Salem
515,Unknown,Hegazy
967,Mona,Mahmoud
200,Mona,Hassan
271,Unknown,Fathy
568,Omar,Ali
494,Youssef,Mahmoud
487,Ahmed,Said
731,Khaled,Salem
1178,Fatma,Hegazy
298,Mona,Tarek
1158,Khaled,Fathy
589,Mona,Hassan
1042,Omar,Ali
616,Fatma,Fathy
574,Fatma,Mahmoud
911,Ahmed,Ali
179,Sara,Fathy
954,Nour,Ibrahim
953,Fatma,Ibrahim
644,Sara,Fathy
372,Mona,Hassan
850,Mona,Hegazy
89,Fatma,Fathy
662,Mona,Salem
332,Youssef,Hassan
926,Unknown,Mahmoud
610,Fatma,Hegazy
971,Nour,Hassan
627,Laila,Ali
1193,Khaled,Mostafa
267,Ahmed,Tarek
60,Nour,Ali
600,Ahmed,Hegazy
773,Ahmed,Hassan
723,Ahmed,Mahmoud
987,Nour,Ibrahim
491,Ahmed,Ibrahim
1044,Hassan,Ali
482,Nour,Fathy
333,Nour,Tarek
313,Hassan,Fathy
722,Fatma,Mahmoud
712,Unknown,Fathy
1067,Ahmed,Ali
84,Ahmed,Hegazy
130,Youssef,Unknown
904,Sara,Fathy
539,Nour,Tarek
999,Sara,Fathy
677,Laila,Ali
261,Sara,Fathy
586,Mona,Mostafa
599,Ahmed,Salem
611,Khaled,Mahmoud
139,Mona,Said
293,Laila,Hassan
1025,Unknown,Mostafa
142,Youssef,Hassan
852,Laila,Said
463,Nour,Salem
448,Ahmed,Ibrahim
140,Laila,Mahmoud
645,Ahmed,Tarek
931,Fatma,Said
225,Youssef,Ibrahim
486,Omar,Mostafa
275,Omar,Tarek
324,Nour,Hassan
334,Youssef,Salem
462,Ahmed,Hassan
1169,Ahmed,Ali
630,Unknown,Hegazy
1188,Sara,Hassan
763,Nour,Mostafa
678,Ahmed,Ali
970,Khaled,Salem
544,Nour,Mostafa
1116,Omar,Mostafa
1175,Omar,Salem
819,Ahmed,Hassan
534,Omar,Ibrahim
1112,Fatma,Said
322,Youssef,Ali
1041,Hassan,Said
933,Mona,Mahmoud
364,Mona,Hegazy
40,Laila,Fathy
31,Hassan,Ibrahim
243,Laila,Hegazy
843,Youssef,Unknown
137,Hassan,Mahmoud
311,Omar,Fathy
1050,Sara,Ali
810,Nour,Said
356,Mona,Ali
1111,Youssef,Tarek
1136,Youssef,Ibrahim
443,Ahmed,Hegazy
4,Khaled,Salem
112,Omar,Mahmoud
661,Khaled,Tarek
1086,Omar,Ibrahim
705,Sara,Salem
910,Omar,Said
1038,Hassan,Fathy
535,Youssef,Mahmoud
315,Mona,Hegazy
1061,Ahmed,Unknown
320,Unknown,Ibrahim
717,Omar,Ibrahim
430,Sara,Said
6,Nour,Said
101,Sara,Salem
701,Youssef,Fathy
561,Laila,Tarek
598,Hassan,Tarek
880,Omar,Salem
1166,Nour,Hegazy
1122,Khaled,Mahmoud
228,Youssef,Tarek
452,Omar,Said
579,Hassan,Said
1199,Ahmed,Ibrahim
896,Ahmed,Ali
67,Laila,Hassan
68,Fatma,Hassan
391,Hassan,Mostafa
212,Laila,Ali
13,Fatma,Tarek
853,Laila,Ibrahim
711,Hassan,Mostafa
300,Hassan,Mostafa
504,Laila,Mahmoud
935,Youssef,Fathy
1200,Khaled,Fathy
1135,Khaled,Ibrahim
683,Youssef,Hegazy
1195,Laila,Mahmoud
423,Khaled,Mahmoud
582,Unknown,Hassan
1084,Ahmed,Said
1177,Hassan,Mostafa
414,Ahmed,Mahmoud
1062,Ahmed,Ali
1089,Omar,Hassan
274,Youssef,Said
905,Khaled,Hassan
363,Mona,Mostafa
238,Hassan,Tarek
1154,Omar,Salem
498,Youssef,Ibrahim
3,Fatma,Said
7,Unknown,Fathy
775,Ahmed,Said
312,Unknown,Ali
1081,Omar,Ibrahim
424,Youssef,Fathy
591,Khaled,Ibrahim
1040,Nour,Mostafa
1028,Mona,Mostafa
216,Ahmed,Mahmoud
721,Nour,Ibrahim
28,Omar,Said
554,Ahmed,Said
900,Youssef,Said
1074,Mona,Ali
537,Hassan,Fathy
536,Sara,Salem
812,Hassan,Said
590,Khaled,Said
1103,Nour,Mahmoud
1073,Laila,Salem
257,Hassan,Hegazy
292,Omar,Hegazy
26,Ahmed,Unknown
337,Unknown,Mahmoud
708,Omar,Ibrahim
48,Laila,Hassan
319,Unknown,Hassan
107,Omar,Mostafa
888,Nour,Salem
56,Laila,Mostafa
786,Omar,Ali
214,Laila,Hassan
121,Nour,Ali
895,Hassan,Tarek
1055,Hassan,Mostafa
913,Mona,Fathy
73,Sara,Mahmoud
411,Mona,Hegazy
990,Nour,Salem
937,Hassan,Ibrahim
592,Laila,Mostafa
433,Nour,Hegazy
975,Laila,Tarek
995,Youssef,Salem
870,Omar,Hegazy
1014,Omar,Mostafa
619,Khaled,Mahmoud
772,Laila,Mahmoud
631,Omar,Ali
326,Nour,Salem
567,Nour,Mostafa
317,Omar,Mahmoud
681,Sara,Said
922,Nour,Tarek
466,Nour,Salem
583,Ahmed,Fathy
756,Mona,Said
1076,Fatma,Hegazy
555,Mona,Tarek
603,Mona,Fathy
61,Laila,Ali
434,Omar,Hassan
797,Khaled,Unknown
93,Khaled,Mahmoud
1037,Laila,Ibrahim
483,Khaled,Ali
352,Mona,Said
195,Mona,Tarek
281,Unknown,Salem
804,Nour,Tarek
552,Omar,Fathy
360,Ahmed,Hegazy
966,Laila,Mahmoud
927,Sara,Hassan
845,Omar,Ali
668,Khaled,Tarek
549,Khaled,Salem
1035,Hassan,Hassan
183,Ahmed,Unknown
707,Sara,Tarek
524,Khaled,Mahmoud
111,Ahmed,Hegazy
371,Laila,Said
459,Sara,Tarek
240,Omar,Mahmoud
902,Ahmed,Mahmoud
702,Mona,Mahmoud
652,Sara,Ibrahim
205,Omar,Fathy
1047,Sara,Tarek
1058,Mona,Hegazy
262,Sara,Hegazy
824,Mona,Tarek
714,Fatma,Mahmoud
472,Laila,Mahmoud
340,Nour,Hassan
637,Sara,Hassan
807,Laila,Hegazy
1149,Ahmed,Mostafa
184,Ahmed,Tarek
138,Khaled,Ali
696,Youssef,Mostafa
81,Youssef,Ali
1012,Hassan,Mostafa
528,Khaled,Fathy
1010,Ahmed,Hegazy
166,Ahmed,Mahmoud
249,Laila,Mostafa
308,Khaled,Fathy
846,Fatma,Hassan
533,Khaled,Tarek
335,Nour,Salem
98,Youssef,Said
543,Fatma,Mostafa
674,Hassan,Hassan
893,Ahmed,Mahmoud
839,Laila,Fathy
761,Sara,Ali
625,Ahmed,Mahmoud
1139,Nour,Ali
303,Ahmed,Ibrahim
1032,Khaled,Ibrahim
389,Khaled,Ali
236,Khaled,Tarek
901,Omar,Ibrahim
873,Laila,Tarek
306,Ahmed,Ibrahim
917,Omar,Said
1133,Khaled,Mahmoud
250,Ahmed,Ali
72,Unknown,Fathy
95,Youssef,Said
951,Youssef,Ibrahim
34,Omar,Hegazy
851,Sara,Fathy
449,Ahmed,Fathy
446,Sara,Salem
916,Khaled,Hegazy
1147,Sara,Tarek
753,Nour,Tarek
78,Hassan,Said
85,Fatma,Mostafa
595,Laila,Mahmoud
83,Fatma,Hassan
458,Omar,Salem
941,Sara,Hassan
437,Fatma,Fathy
1120,Mona,Fathy
993,Mona,Ibrahim
405,Mona,Tarek
1098,Ahmed,Ali
666,Khaled,Fathy
713,Ahmed,Hassan
105,Fatma,Said
1170,Nour,Hegazy
746,Sara,Salem
63,Sara,Hegazy
282,Unknown,Mahmoud
728,Khaled,Salem
239,Hassan,Mostafa
224,Sara,Tarek
146,Ahmed,Mahmoud
1176,Ahmed,Tarek
374,Omar,Tarek
119,Youssef,Said
894,Khaled,Tarek
251,Fatma,Mahmoud
10,Khaled,Fathy
450,Omar,Said
390,Youssef,Hegazy
1004,Unknown,Fathy
558,Youssef,Ibrahim
461,Youssef,Said
1160,Mona,Mahmoud
145,Ahmed,Salem
502,Ahmed,Ibrahim
1171,Fatma,Hassan
540,Ahmed,Tarek
178,Sara,Unknown
1109,Youssef,Tarek
771,Nour,Tarek
862,Fatma,Ibrahim
8,Youssef,Mostafa
788,Omar,Mostafa
939,Ahmed,Fathy
358,Nour,Hegazy
330,Hassan,Unknown
779,Mona,Mostafa
924,Hassan,Hassan
259,Hassan,Unknown
969,Nour,Unknown
994,Fatma,Hassan
859,Omar,Salem
809,Laila,Ibrahim
923,Laila,Mostafa
526,Hassan,Mostafa
906,Fatma,Fathy
724,Nour,Ali
833,Khaled,Hegazy
1198,Sara,Ibrahim
441,Youssef,Mahmoud
532,Nour,Salem
227,Omar,Mahmoud
229,Nour,Hegazy
1093,Ahmed,Mostafa
213,Youssef,Said
80,Hassan,Salem
149,Laila,Ibrahim
650,Ahmed,Mostafa
782,Fatma,Mahmoud
134,Mona,Ibrahim
886,Khaled,Ibrahim
409,Unknown,Ali
869,Laila,Ibrahim
508,Ahmed,Said
979,Fatma,Ibrahim
505,Hassan,Ibrahim
744,Omar,Hegazy
348,Youssef,Tarek
387,Khaled,Hegazy
1,Youssef,Tarek
361,Laila,Tarek
1191,Mona,Tarek
476,Fatma,Hegazy
1099,Fatma,Hegazy
835,Khaled,Hassan
173,Khaled,Tarek
451,Khaled,Fathy
126,Laila,Mostafa
847,Khaled,Mahmoud
531,Youssef,Hegazy
91,Omar,Hegazy
182,Khaled,Hegazy
725,Ahmed,Ibrahim
415,Laila,Ali
252,Laila,Hegazy
70,Hassan,Mostafa
132,Youssef,Hegazy
301,Khaled,Fathy
737,Mona,Ibrahim
327,Ahmed,Said
876,Nour,Fathy
500,Omar,Mostafa
732,Sara,Hegazy
1023,Laila,Hassan
496,Ahmed,Hassan
339,Fatma,Fathy
422,Ahmed,Salem
165,Ahmed,Ibrahim
29,Youssef,Mostafa
517,Khaled,Ali
194,Ahmed,Mahmoud
837,Mona,Said
863,Nour,Hassan
170,Sara,Mostafa
784,Nour,Salem
653,Hassan,Mahmoud
174,Ahmed,Hegazy
519,Omar,Said
1024,Mona,Ali
1106,Sara,Ali
492,Youssef,Ibrahim
74,Unknown,Hassan
1054,Fatma,Hegazy
588,Khaled,Ali
658,Mona,Fathy
235,Khaled,Said
215,Hassan,Mahmoud
163,Hassan,Hegazy
133,Omar,Ali
860,Hassan,Ali
950,Omar,Mahmoud
1034,Khaled,Hegazy
186,Sara,Ibrahim
42,Sara,Mostafa
693,Khaled,Mostafa
109,Mona,Tarek
947,Omar,Mahmoud
569,Youssef,Ali
715,Youssef,Ibrahim
1066,Khaled,Mostafa
484,Hassan,Salem
469,Omar,Hassan
25,Hassan,Mostafa
1150,Khaled,Mostafa
1129,Fatma,Tarek
920,Khaled,Salem
1064,Nour,Hegazy
367,Fatma,Salem
936,Ahmed,Ali
1107,Ahmed,Ibrahim
384,Nour,Mostafa
718,Ahmed,Hassan
455,Fatma,Said
265,Hassan,Ali
842,Hassan,Salem
233,Sara,Unknown
445,Fatma,Ibrahim
396,Ahmed,Ali
885,Nour,Mahmoud
177,Ahmed,Mostafa
19,Mona,Mostafa
1104,Nour,Mahmoud
1159,Khaled,Mahmoud
907,Hassan,Fathy
757,Ahmed,Tarek
596,Hassan,Tarek
62,Mona,Tarek
273,Fatma,Mostafa
1183,Mona,Mostafa
279,Mona,Said
938,Ahmed,Ali
695,Ahmed,Tarek
369,Khaled,Mostafa
736,Youssef,Hegazy
912,Fatma,Said
959,Laila,Hassan
1141,Ahmed,Mostafa
856,Ahmed,Salem
548,Sara,Ibrahim
1085,Fatma,Ibrahim
689,Omar,Said
739,Laila,Ibrahim
1003,Laila,Mostafa
457,Sara,Fathy
394,Unknown,Fathy
676,Omar,Ali
1016,Hassan,Mahmoud
729,Sara,Said
420,Youssef,Said
376,Fatma,Ali
413,Khaled,Ali
75,Fatma,Mostafa
1179,Sara,Said
963,Khaled,Mahmoud
501,Hassan,Mahmoud
991,Fatma,Mahmoud
617,Nour,Mostafa
115,Ahmed,Ibrahim
418,Nour,Ali
602,Mona,Salem
605,Youssef,Unknown
90,Omar,Fathy
918,Khaled,Fathy
754,Mona,Said
499,Hassan,Said
978,Fatma,Ali
985,Laila,Salem
983,Omar,Ali
12,Fatma,Unknown
397,Sara,Fathy
1094,Sara,Fathy
556,Laila,Ali
43,Nour,Hegazy
168,Laila,Tarek
417,Nour,Tarek
268,Laila,Mostafa
899,Mona,Salem
427,Mona,Said
691,Ahmed,Mahmoud
545,Hassan,Ali
1180,Hassan,Said
675,Ahmed,Tarek
690,Sara,Hegazy
160,Fatma,Ali
986,Laila,Ibrahim
258,Omar,Mahmoud
944,Fatma,Fathy
336,Omar,Ibrahim
964,Youssef,Said
16,Unknown,Said
1005,Khaled,Fathy
325,Sara,Said
769,Fatma,Salem
608,Fatma,Said
1108,Youssef,Ibrahim
890,Fatma,Mahmoud
817,Fatma,Ali
223,Hassan,Tarek
180,Mona,Salem
100,Fatma,Ali
758,Khaled,Said
522,Khaled,Salem
762,Ahmed,Said
23,Nour,Ali
357,Nour,Tarek
734,Hassan,Unknown
1167,Mona,Fathy
612,Fatma,Mostafa
1071,Hassan,Hegazy
341,Youssef,Ali
432,Nour,Ali
868,Mona,Mostafa
218,Youssef,Hegazy
204,Mona,Mostafa
1009,Nour,Said
94,Nour,Tarek
887,Youssef,Ali
69,Youssef,Mahmoud
998,Fatma,Mostafa
285,Unknown,Salem
697,Khaled,Mahmoud
86,Fatma,Ali
435,Nour,Fathy
925,Nour,Mahmoud
154,Fatma,Tarek
76,Nour,Ali
1095,Mona,Hegazy
790,Sara,Salem
581,Unknown,Salem
447,Omar,Ibrahim
704,Mona,Salem
189,Mona,Ibrahim
272,Fatma,Salem
237,Youssef,Hegazy
488,Omar,Hegazy
560,Laila,Ali
118,Youssef,Mahmoud
638,Khaled,Mostafa
1132,Laila,Tarek
802,Unknown,Fathy
751,Khaled,Tarek
513,Unknown,Hassan
634,Sara,Ibrahim
1142,Youssef,Hassan
1068,Youssef,Salem
127,Laila,Hegazy
791,Nour,Said
830,Khaled,Mostafa
117,Nour,Hassan
474,Khaled,Fathy
741,Laila,Salem
1063,Mona,Salem
58,Mona,Unknown
604,Omar,Ibrahim
787,Unknown,Fathy
831,Hassan,Hegazy
120,Hassan,Salem
657,Youssef,Hassan
1006,Fatma,Mostafa
670,Nour,Ali
106,Khaled,Unknown
636,Fatma,Ali
370,Youssef,Hegazy
269,Ahmed,Said
656,Khaled,Fathy
820,Omar,Tarek
823,Khaled,Fathy
942,Khaled,Hassan
47,Sara,Unknown
350,Sara,Hassan
1172,Youssef,Fathy
877,Mona,Fathy
774,Fatma,Ibrahim
196,Fatma,Said
103,Youssef,Mostafa
5,Youssef,Mostafa
620,Hassan,Ali
572,Nour,Fathy
53,Laila,Tarek
264,Omar,Hegazy
1148,Sara,Mahmoud
444,Laila,Mahmoud
1049,Sara,Mahmoud
783,Sara,Ali
838,Youssef,Hassan
945,Omar,Tarek
692,Mona,Fathy
305,Omar,Mahmoud
342,Hassan,Hegazy
968,Sara,Hegazy
314,Nour,Said
150,Hassan,Ali
125,Ahmed,Hassan
1117,Fatma,Ibrahim
575,Hassan,Mahmoud
698,Khaled,Mostafa
665,Youssef,Hegazy
51,Omar,Ali
1011,Nour,Salem
727,Fatma,Tarek
800,Hassan,Hassan
834,Mona,Mahmoud
354,Hassan,Mahmoud
143,Hassan,Said
471,Youssef,Fathy
883,Sara,Fathy
654,Omar,Fathy
400,Fatma,Fathy
1001,Ahmed,Salem
1020,Khaled,Mostafa
321,Mona,Salem
20,Sara,Said
685,Nour,Mahmoud
36,Khaled,Fathy
825,Laila,Salem
903,Khaled,Salem
506,Mona,Fathy
828,Fatma,Mahmoud
1126,Fatma,Mahmoud
408,Nour,Ibrahim
921,Unknown,Ibrahim
818,Fatma,Ibrahim
867,Nour,Fathy
538,Nour,Ali
759,Hassan,Hegazy
1123,Omar,Said
1194,Nour,Salem
39,Unknown,Hegazy
176,Ahmed,Said
246,Fatma,Unknown
811,Omar,Fathy
1140,Youssef,Hegazy
1156,Youssef,Unknown
1046,Mona,Tarek
785,Fatma,Mostafa
490,Sara,Mostafa
155,Hassan,Said
639,Unknown,Mostafa
663,Omar,Hassan
854,Mona,Mostafa
943,Fatma,Tarek
288,Khaled,Tarek
626,Unknown,Mahmoud
1184,Mona,Hassan
686,Sara,Unknown
1069,Ahmed,Mostafa
974,Mona,Mostafa
570,Omar,Hegazy
735,Youssef,Said
793,Omar,Tarek
18,Fatma,Said
128,Khaled,Said
323,Sara,Fathy
256,Omar,Hegazy
1036,Nour,Tarek
928,Fatma,Mahmoud
191,Laila,Mostafa
116,Khaled,Salem
992,Mona,Mostafa
607,Nour,Mahmoud
181,Youssef,Hegazy
302,Fatma,Ibrahim
497,Youssef,Unknown
349,Sara,Mostafa
1088,Ahmed,Salem
37,Unknown,Mahmoud
745,Omar,Said
1137,Sara,Mostafa
1043,Laila,Tarek
518,Khaled,Hassan
373,Unknown,Ibrahim
46,Khaled,Ibrahim
477,Laila,Tarek
158,Omar,Ibrahim
1100,Youssef,Hegazy
172,Ahmed,Ali
17,Sara,Ali
512,Hassan,Fathy
49,Youssef,Hassan
192,Youssef,Hassan
547,Nour,Hegazy
516,Nour,Mostafa
659,Ahmed,Mahmoud
1033,Hassan,Mahmoud
829,Mona,Mostafa
1056,Youssef,Salem
481,Laila,Hassan
960,Mona,Unknown
1186,Nour,Ibrahim
284,Omar,Mahmoud
1082,Fatma,Mostafa
798,Nour,Mostafa
226,Nour,Mostafa
27,Unknown,Hassan
283,Mona,Ibrahim
438,Khaled,Tarek
365,Unknown,Mahmoud
230,Hassan,Hassan
38,Youssef,Unknown
750,Khaled,Fathy
470,Hassan,Mahmoud
1097,Laila,Fathy
688,Mona,Mostafa
640,Fatma,Tarek
1091,Sara,Said
1053,Mona,Said
1143,Khaled,Said
801,Ahmed,Said
161,Mona,Ali
957,Laila,Mahmoud
822,Hassan,Ali
1070,Unknown,Hegazy
878,Khaled,Mahmoud
914,Fatma,Mahmoud
153,Mona,Hegazy
1152,Nour,Hegazy
510,Unknown,Hassan
1157,Laila,Tarek
104,Youssef,Fathy
587,Nour,Ali
1115,Youssef,Said
54,Sara,Said
152,Unknown,Tarek
404,Khaled,Ali
208,Omar,Tarek
1192,Sara,Said
9,Fatma,Tarek
1015,Fatma,Said
453,Ahmed,Hassan
254,Fatma,Said
897,Hassan,Hassan
1102,Omar,Tarek
881,Ahmed,Ali
1190,Khaled,Mahmoud
624,Hassan,Said
346,Fatma,Fathy
263,Mona,Hassan
151,Omar,Mostafa
473,Nour,Hassan
641,Ahmed,Said
1187,Nour,Hegazy
551,Mona,Hassan
929,Fatma,Ibrahim
489,Laila,Ibrahim
147,Unknown,Hassan
403,Youssef,Tarek
955,Laila,Mahmoud
1182,Hassan,Ali
660,Khaled,Unknown
464,Fatma,Ibrahim
187,Khaled,Ibrahim
609,Mona,Salem
144,Youssef,Mahmoud
752,Sara,Said
982,Sara,Hegazy
198,Laila,Ali
884,Fatma,Ibrahim
280,Youssef,Mostafa
294,Omar,Fathy
1144,Omar,Salem
401,Khaled,Hassan
123,Omar,Hassan
203,Hassan,Mostafa
836,Mona,Fathy
247,Ahmed,Fathy
1197,Mona,Tarek
385,Youssef,Mostafa
855,Mona,Tarek
220,Fatma,Hassan
642,Mona,Mahmoud
2,Laila,Fathy
113,Khaled,Salem
699,Sara,Ibrahim
952,Omar,Tarek
1134,Mona,Fathy
442,Sara,Hegazy
664,Khaled,Ali
1151,Laila,Hegazy
318,Fatma,Ibrahim
649,Mona,Tarek
710,Laila,Ibrahim
973,Mona,Hassan
628,Omar,Said
633,Hassan,Tarek
1162,Unknown,Ibrahim
796,Youssef,Hassan
646,Khaled,Ali
1013,Mona,Ali
557,Ahmed,Mostafa
682,Fatma,Hassan
578,Omar,Ibrahim
1110,Sara,Tarek
525,Youssef,Salem
1060,Fatma,Hegazy
541,Mona,Mahmoud
749,Omar,Mostafa
1165,Laila,Salem
485,Fatma,Ali
96,Nour,Tarek
1021,Khaled,Ibrahim
564,Mona,Tarek
743,Hassan,Ali
864,Omar,Salem
892,Laila,Mostafa
1039,Khaled,Said
207,Laila,Ali
393,Ahmed,Mahmoud
795,Hassan,Mahmoud
871,Laila,Hegazy
398,Mona,Tarek
767,Hassan,Hassan
1029,Youssef,Said
643,Ahmed,Mahmoud
613,Nour,Ali
961,Hassan,Mostafa
726,Laila,Said
684,Nour,Said
99,Hassan,Salem
805,Hassan,Ali
407,Omar,Fathy
503,Ahmed,Mahmoud
1072,Ahmed,Tarek
1057,Laila,Mahmoud
930,Youssef,Mahmoud
780,Nour,Ali
201,Mona,Hegazy
135,Sara,Fathy
1052,Omar,Mahmoud
41,Hassan,Fathy
1018,Youssef,Mostafa
231,Laila,Tarek
379,Unknown,Tarek
289,Ahmed,Ali
419,Khaled,Ibrahim
392,Khaled,Mahmoud
593,Omar,Mahmoud
1163,Khaled,Mahmoud
1087,Sara,Hassan
648,Hassan,Tarek
1153,Sara,Salem
521,Laila,Ibrahim
65,Sara,Tarek
15,Mona,Salem
1065,Sara,Hassan
493,Fatma,Hegazy
380,Omar,Fathy
188,Nour,Hegazy
764,Hassan,Ibrahim
217,Fatma,Ali
792,Mona,Tarek
1077,Ahmed,Hassan
879,Laila,Hegazy
338,Hassan,Ibrahim
720,Laila,Said
296,Ahmed,Salem
1017,Mona,Mostafa
456,Nour,Mahmoud
816,Sara,Mostafa
270,Khaled,Ibrahim
996,Nour,Fathy
202,Ahmed,Fathy
162,Fatma,Hassan
730,Mona,Salem
402,Ahmed,Hegazy
703,Sara,Mostafa
1130,Fatma,Hegazy
566,Nour,Mostafa
1022,Nour,Ali
1026,Hassan,Ibrahim
1105,Omar,Hassan
206,Laila,Salem
35,Unknown,Hassan
776,Omar,Ali
509,Laila,Hassan
92,Ahmed,Tarek
898,Fatma,Ibrahim
565,Youssef,Mostafa
777,Laila,Salem
242,Omar,Fathy
14,Omar,Unknown
316,Nour,Mahmoud
601,Khaled,Mahmoud
388,Nour,Hegazy
167,Nour,Mostafa
841,Youssef,Mahmoud
21,Khaled,Mahmoud
647,Nour,Tarek
1155,Youssef,Fathy
832,Ahmed,Fathy
563,Omar,Ibrahim
687,Mona,Hassan
958,Youssef,Salem
190,Youssef,Fathy
976,Fatma,Hassan
700,Omar,Salem
511,Omar,Said
1083,Omar,Hegazy
475,Sara,Unknown
857,Fatma,Unknown
748,Omar,Fathy
253,Mona,Unknown
22,Ahmed,Fathy
460,Omar,Hassan
1185,Laila,Ali
277,Ahmed,Salem
956,Ahmed,Fathy
386,Nour,Mahmoud
806,Ahmed,Salem
344,Laila,Mostafa
770,Ahmed,Said
131,Laila,Salem
872,Ahmed,Ali
1124,Omar,Ali
88,Ahmed,Mostafa
331,Mona,Ali
467,Nour,Mostafa
122,Nour,Hegazy
1045,Nour,Hegazy
1096,Unknown,Said
1131,Laila,Said
861,Sara,Hegazy
1127,Sara,Salem
